Year,Churn Rate,House Price,Earnings,Population,White Collar Jobs,Blue Collar Jobs,Service Sector Jobs,Violent Crimes,Property Crimes,Other Offences,Total Development,Area
2021,0.10468102,311472.75,488.73898,214740.77,3993.4905,14867.152,28998.383,7477.7036,8115.1094,3179.804,1.2637897,Barking and Dagenham
2022,0.07434092,321463.44,491.72617,215979.56,3983.226,15075.9795,29738.443,7663.46,7900.5234,3268.3247,-2.0335793,Barking and Dagenham
2023,0.046412803,330496.75,494.10434,217690.34,3987.5173,15302.379,30546.303,7866.7256,7675.426,3353.9036,-5.772141,Barking and Dagenham
2024,0.016598558,339720.53,497.3208,219425.69,3990.3716,15574.848,31178.117,8036.527,7462.764,3443.793,-8.83969,Barking and Dagenham
2025,-0.025216693,353476.5,503.00864,221522.38,3993.0586,15958.37,31999.494,8290.715,7173.7417,3565.2998,-13.121726,Barking and Dagenham
2026,-0.07320588,369432.0,509.4883,223851.53,3997.1536,16401.193,32904.863,8575.065,6842.745,3704.1055,-17.899435,Barking and Dagenham
2027,-0.12972108,388249.8,517.1039,226494.84,4000.3496,16917.85,33931.46,8904.568,6449.69,3865.729,-23.398355,Barking and Dagenham
2028,-0.19934717,411233.56,526.3737,229632.08,4001.9712,17543.459,35168.168,9307.788,5958.6567,4060.8105,-30.0846,Barking and Dagenham
2029,-0.2808995,438185.4,537.16986,233154.38,4001.9634,18278.809,36570.832,9764.174,5381.342,4286.715,-37.7178,Barking and Dagenham
2030,-0.3758982,469642.3,549.7071,237073.02,3998.0906,19139.244,38147.094,10278.104,4704.246,4546.7993,-46.3881,Barking and Dagenham
2021,0.22083548,551460.06,541.72784,410126.28,25963.713,16002.79,78136.56,8471.852,13909.559,3241.7817,75.38168,Barnet
2022,0.2064385,567242.56,538.35944,410604.84,26692.002,15921.354,79150.36,8617.647,14073.731,3158.055,82.77807,Barnet
2023,0.19450836,581429.1,537.57416,411572.7,27232.545,15992.453,80100.95,8834.252,14209.723,3112.7866,87.36066,Barnet
2024,0.1704513,601994.25,543.50104,416966.94,27553.03,16509.568,81356.7,9307.278,13838.636,3192.8286,82.29936,Barnet
2025,0.14858423,616486.9,549.08344,421425.12,27772.82,16881.074,82204.86,9654.975,13433.062,3270.0183,75.645874,Barnet
2026,0.120741196,637292.1,555.5204,427031.94,28145.865,17380.66,83535.39,10035.934,12923.666,3345.3354,67.58284,Barnet
2027,0.083444856,666143.9,563.3136,434245.75,28695.8,18039.654,85453.24,10543.41,12288.278,3431.2607,58.10977,Barnet
2028,0.039064072,700343.0,572.2565,442747.56,29367.697,18788.365,87708.66,11144.759,11558.044,3528.2856,47.551754,Barnet
2029,-0.018919207,745767.06,584.5138,454173.0,30218.041,19820.973,90702.77,11958.712,10572.748,3671.431,33.405758,Barnet
2030,-0.09387884,805195.4,601.15936,469371.53,31293.346,21205.666,94605.766,13013.848,9243.135,3876.0393,14.232472,Barnet
2021,0.10102013,333207.62,570.86255,257610.17,9096.455,18296.3,38375.582,4585.709,6864.329,2383.9534,33.807526,Bexley
2022,0.105619356,337464.97,568.5048,257184.19,9108.319,17888.623,38441.582,4659.5474,6731.397,2390.1643,35.108963,Bexley
2023,0.12500182,333473.5,561.66516,255141.39,8984.6455,17314.326,38225.477,4618.0596,6837.1123,2332.902,36.577515,Bexley
2024,0.13306645,330796.22,557.72076,254283.28,8934.146,17071.42,38129.22,4615.6914,6900.7065,2296.4072,37.817013,Bexley
2025,0.14333278,327192.12,554.0376,253381.53,8868.653,16864.691,38029.87,4589.3477,6972.5186,2265.7747,38.711426,Bexley
2026,0.15532008,322776.03,550.24426,252323.58,8794.751,16641.988,37903.44,4554.952,7053.9146,2232.059,39.465252,Bexley
2027,0.16361745,319735.94,547.37177,251591.44,8743.7705,16476.428,37820.41,4534.326,7108.622,2207.4983,40.11685,Bexley
2028,0.17150763,316822.8,544.6914,250881.83,8696.902,16320.519,37739.926,4512.4897,7162.8633,2184.1338,40.688816,Bexley
2029,0.17860653,314161.28,542.3089,250239.64,8654.085,16180.533,37666.105,4492.669,7211.581,2163.136,41.182266,Bexley
2030,0.18428701,312006.06,540.36456,249726.2,8619.447,16067.467,37607.984,4477.8076,7250.765,2146.1077,41.59889,Bexley
2021,0.25673887,489735.56,523.16296,336832.47,15284.196,24856.293,62381.074,9918.117,14417.389,4620.878,75.789314,Brent
2022,0.2667552,483544.0,518.0786,335680.9,15264.396,24661.885,61978.71,9814.655,14392.033,4625.269,77.35659,Brent
2023,0.28035828,473942.06,511.1789,334271.1,15185.393,24377.658,61418.35,9678.003,14351.7705,4640.3257,78.95784,Brent
2024,0.28918552,467549.78,506.7267,333554.28,15121.266,24218.94,61004.36,9626.009,14340.685,4683.1567,79.6728,Brent
2025,0.29691496,462641.03,502.76306,332882.06,15084.547,24077.93,60686.258,9584.966,14330.125,4693.8247,80.5207,Brent
2026,0.30374444,458340.44,499.3138,332284.22,15050.482,23955.158,60408.188,9546.741,14322.283,4703.6167,81.2499,Brent
2027,0.30887347,455070.22,496.70428,331843.06,15023.04,23864.246,60200.184,9518.279,14315.959,4710.7764,81.759315,Brent
2028,0.3128767,452504.5,494.6568,331500.06,15003.73,23794.926,60038.664,9497.096,14312.189,4715.6587,82.14938,Brent
2029,0.31606573,450477.06,493.02548,331224.72,14988.063,23739.371,59909.87,9479.928,14308.847,4719.576,82.4614,Brent
2030,0.318498,448936.62,491.7769,331012.06,14975.842,23696.639,59811.49,9466.866,14305.965,4722.6177,82.69952,Brent
2021,0.14500315,472044.72,609.8216,341770.06,19914.555,14285.132,61882.97,7490.3423,11390.71,3333.703,56.71734,Bromley
2022,0.123894475,489292.88,613.64307,344324.12,19928.895,14593.773,62163.516,7684.9287,11126.324,3420.364,51.441357,Bromley
2023,0.08163557,513346.3,619.0674,348444.94,19882.715,15056.839,62689.992,8071.0923,10727.805,3559.3918,42.19053,Bromley
2024,0.027441155,544412.9,625.251,353513.97,19882.203,15649.704,63338.17,8514.027,10227.5205,3774.5474,30.826483,Bromley
2025,-0.044105012,586101.6,632.8252,360181.0,19849.828,16378.1,64158.086,9093.682,9591.934,4045.7002,16.655958,Bromley
2026,-0.14687769,643665.2,643.4694,369677.5,19799.121,17415.541,65346.22,9937.262,8686.532,4420.156,-3.5205932,Bromley
2027,-0.2911038,722643.4,657.72253,382799.34,19715.344,18828.47,66977.71,11099.084,7442.3853,4935.149,-30.85393,Bromley
2028,-0.49856827,831668.2,676.94794,401135.9,19571.7,20776.582,69233.17,12738.173,5706.1055,5649.903,-68.5585,Bromley
2029,-0.79843134,981923.06,702.58746,426791.38,19314.562,23456.707,72333.48,15076.57,3298.7078,6640.366,-120.97485,Bromley
2030,-1.2223105,1186681.6,735.9256,462118.53,18890.547,27075.41,76502.74,18369.184,55.28285,7997.2485,-193.39879,Bromley
2021,0.25733477,854079.7,619.3296,259193.38,138648.36,22354.41,173397.2,8366.482,17694.95,4274.1436,79.776566,Camden
2022,0.25343823,855178.25,616.3617,259075.66,139688.97,22388.854,173271.2,8383.452,17876.125,4236.473,79.32941,Camden
2023,0.2675086,845794.8,613.748,257419.56,139130.62,22240.99,172127.06,8328.835,18500.613,4196.459,80.48389,Camden
2024,0.26596892,845628.44,613.53754,257431.9,139254.25,22220.191,172252.62,8352.347,18488.65,4206.698,79.52019,Camden
2025,0.27036023,842075.0,613.4287,256913.05,138753.16,22169.662,171968.05,8334.848,18589.31,4204.3384,80.24009,Camden
2026,0.27536428,838620.6,613.481,256371.23,138194.53,22117.922,171619.27,8309.2295,18693.139,4200.613,81.23459,Camden
2027,0.2778532,836877.1,613.5042,256037.05,137926.64,22090.074,171446.31,8296.213,18742.51,4196.509,81.759415,Camden
2028,0.28128058,834672.75,613.5586,255617.34,137529.88,22053.94,171174.4,8275.557,18816.615,4190.941,82.51008,Camden
2029,0.28434497,832709.75,613.61017,255237.69,137182.16,22020.979,170931.22,8256.96,18883.236,4185.919,83.16855,Camden
2030,0.286933,831042.94,613.64984,254907.44,136891.5,21992.334,170725.53,8241.627,18939.58,4181.426,83.71436,Camden
2021,0.18436088,401274.9,578.61475,390803.62,21945.035,16329.694,65772.08,13277.478,14506.077,6137.6035,188.91283,Croydon
2022,0.15106745,420727.38,592.83374,393174.62,21827.492,16834.027,66499.984,13958.69,14030.52,6547.0146,190.998,Croydon
2023,0.11545992,446310.97,609.41943,396714.53,21725.178,17536.312,67465.12,14755.757,13560.718,7013.2607,193.39574,Croydon
2024,0.06272066,482489.3,632.99146,401232.34,21556.373,18432.738,68854.9,15922.844,12916.147,7640.7583,198.73099,Croydon
2025,-0.0142080225,531420.8,666.47424,407424.56,21288.176,19658.197,70851.93,17615.26,12006.082,8524.558,205.26976,Croydon
2026,-0.12362918,599727.6,713.7785,416200.78,20877.27,21359.76,73699.84,20028.795,10768.022,9770.47,213.84239,Croydon
2027,-0.28049856,695124.3,781.5064,428708.7,20242.146,23698.59,77720.16,23524.006,9074.009,11543.033,225.03893,Croydon
2028,-0.49925828,825574.06,877.29034,445901.2,19260.164,26811.432,83172.6,28519.48,6829.288,14025.195,238.8822,Croydon
2029,-0.79411554,999787.5,1008.43085,468254.28,17770.008,30820.79,90251.05,35386.934,3897.0586,17385.152,255.05556,Croydon
2030,-1.1837119,1224548.6,1180.193,495845.88,15684.937,35827.926,99077.13,44286.215,65.81552,21674.86,271.5251,Croydon
2021,0.22618796,500744.78,580.8163,363346.9,18575.535,31594.191,64337.4,10450.361,11988.542,5821.8853,74.07457,Ealing
2022,0.14415553,531945.06,611.6201,371156.03,17550.348,33184.727,65815.836,11304.712,10054.446,6531.339,58.73895,Ealing
2023,0.029611075,581170.8,654.94635,381934.75,16228.605,35425.188,67710.24,12429.565,7526.997,7473.1553,37.456177,Ealing
2024,-0.14579019,653787.8,722.10376,399436.6,14184.612,38809.848,70124.445,14157.758,3741.5393,8890.886,5.722229,Ealing
2025,-0.4080892,760420.44,824.2475,427361.78,11103.669,43761.71,73326.28,16987.613,-1984.3241,10971.116,-37.94905,Ealing
2026,-0.7808266,912761.25,971.92145,469073.0,6653.8813,50706.773,77584.1,21542.227,-10381.055,13867.327,-95.620895,Ealing
2027,-1.3307915,1133189.9,1185.6746,531505.75,269.08044,60893.04,83711.87,28526.195,-22957.006,18067.928,-179.47873,Ealing
2028,-2.1505535,1458904.6,1494.1603,624425.8,-8792.709,75953.27,93181.37,38669.336,-41715.867,24333.486,-309.08508,Ealing
2029,-3.3190386,1936747.6,1934.4292,760381.0,-21355.0,97099.21,106886.25,53222.52,-69017.53,33557.664,-498.1242,Ealing
2030,-4.9199095,2632192.8,2554.7332,955553.5,-38560.582,125703.914,125000.445,73976.555,-107862.164,46750.08,-762.223,Ealing
2021,0.19501479,384997.38,478.89972,353592.8,11555.877,19109.393,59162.06,10694.172,13078.779,3862.0234,-11.301076,Enfield
2022,0.1734336,404501.53,479.23795,357846.16,11614.218,19442.705,59619.883,11315.585,12792.534,3892.7083,-20.223555,Enfield
2023,0.1798192,406338.1,478.13922,356991.1,11645.755,19410.195,59657.598,11347.3125,12803.209,3812.7673,-12.488324,Enfield
2024,0.17234825,415161.7,478.3783,359182.1,11708.3955,19544.016,59964.43,11641.702,12745.723,3816.302,-16.370451,Enfield
2025,0.15549588,424167.12,479.4301,362449.16,11737.775,19722.799,60270.297,12086.794,12597.467,3891.48,-26.304075,Enfield
2026,0.1429143,430051.38,480.3421,364830.12,11758.783,19850.646,60500.86,12406.95,12463.112,3948.2341,-33.85554,Enfield
2027,0.1248543,441120.7,481.76764,368598.66,11790.217,20053.213,60881.9,12872.77,12271.782,4035.4836,-45.91303,Enfield
2028,0.104406446,453939.72,483.39227,372828.16,11823.491,20278.715,61314.754,13394.647,12052.474,4134.4336,-59.563854,Enfield
2029,0.08182514,468397.47,485.20673,377467.06,11858.726,20527.914,61796.137,13969.902,11808.59,4242.2974,-74.66911,Enfield
2030,0.054071072,487211.7,487.49973,383252.66,11901.852,20834.693,62397.234,14685.508,11517.648,4375.822,-93.596054,Enfield
2021,0.17560488,443434.88,579.32056,301495.84,10043.917,11760.014,54740.656,10244.281,11310.729,5102.6284,8.006055,Greenwich
2022,0.14460388,459424.72,583.2887,306002.7,10274.571,11947.06,56416.234,10633.973,11200.345,5347.898,3.029386,Greenwich
2023,0.120687194,473447.97,587.03656,310508.03,10485.782,12231.884,57749.383,11023.444,11047.45,5571.785,-0.36156324,Greenwich
2024,0.074664004,516630.22,603.03656,318684.7,11051.055,12603.392,60695.246,11985.341,10633.025,6210.088,-14.252139,Greenwich
2025,0.022548176,559569.94,618.89026,328534.8,11653.958,12992.449,64019.688,12958.019,10187.76,6881.7593,-27.801,Greenwich
2026,-0.05017575,623018.7,640.9351,342211.9,12502.677,13539.83,68662.07,14354.329,9575.309,7827.6265,-47.202995,Greenwich
2027,-0.15588179,720952.0,674.4765,362133.78,13773.787,14341.7,75504.336,16412.076,8711.371,9256.329,-76.37436,Greenwich
2028,-0.29109192,849807.8,718.99786,389086.3,15501.974,15381.454,84618.39,19096.668,7542.5347,11181.101,-115.130325,Greenwich
2029,-0.47229427,1031974.8,782.0452,426290.84,17957.64,16831.78,97210.44,22801.73,5892.6436,13861.538,-169.36278,Greenwich
2030,-0.7187595,1280004.8,870.4727,477076.4,21352.672,18806.479,114423.13,27744.084,3584.0422,17506.752,-243.635,Greenwich
2021,0.15440467,589217.3,577.72156,294715.03,51703.402,10817.538,60241.67,10085.134,16512.633,4489.356,58.39888,Hackney
2022,0.1337467,604968.6,582.7873,298813.44,54286.637,11044.484,61475.543,10286.466,16580.156,4571.256,49.2364,Hackney
2023,0.15163083,591197.8,581.0388,298709.3,54037.047,10994.653,61596.934,10237.846,16542.012,4534.7725,53.799213,Hackney
2024,0.13165048,608062.44,585.15405,301492.88,55875.758,11165.8,62415.223,10378.059,16547.822,4605.2383,46.309467,Hackney
2025,0.11873302,618967.56,588.29456,303718.06,57374.33,11313.477,63148.734,10508.081,16532.549,4658.763,40.89678,Hackney
2026,0.11022872,626461.75,590.60364,305512.97,58559.676,11429.999,63750.664,10618.858,16507.094,4698.201,36.739155,Hackney
2027,0.09222795,641591.44,594.6499,308427.06,60510.188,11616.136,64648.027,10784.842,16497.783,4770.998,29.161837,Hackney
2028,0.07520415,656085.1,598.64905,311373.25,62502.344,11810.654,65590.22,10961.38,16479.334,4843.125,21.613138,Hackney
2029,0.055870127,672783.5,603.1573,314721.44,64776.723,12030.395,66651.66,11161.167,16460.498,4925.4536,12.933626,Hackney
2030,0.031235231,694068.3,608.7317,318816.84,67586.4,12301.821,67945.766,11404.234,16446.996,5028.6367,2.0644019,Hackney
2021,0.34055352,760474.2,695.4733,188715.36,40038.785,8158.4766,66337.82,5959.261,10461.619,3036.879,80.69612,Hammersmith and Fulham
2022,0.32974514,759721.7,696.4574,188315.06,39896.19,8181.4253,66238.695,5951.3965,10524.188,3045.718,84.57553,Hammersmith and Fulham
2023,0.32041353,766429.9,696.2556,188305.95,39794.23,8213.676,66239.33,5952.519,10553.308,3038.9778,88.41595,Hammersmith and Fulham
2024,0.32290822,768575.25,696.0132,188535.17,39869.164,8197.806,66497.02,5969.0396,10493.206,3032.4678,86.119644,Hammersmith and Fulham
2025,0.31955507,771419.7,697.26636,188781.14,39872.4,8210.785,66641.02,5991.3315,10421.075,3025.1458,85.04451,Hammersmith and Fulham
2026,0.31519052,773997.5,698.5834,188972.67,39864.492,8227.542,66749.35,6009.861,10354.484,3019.4868,84.32074,Hammersmith and Fulham
2027,0.31175774,775541.75,699.6048,189072.73,39858.38,8239.967,66783.32,6024.3296,10312.731,3017.1702,83.966705,Hammersmith and Fulham
2028,0.30762845,777839.06,700.9645,189247.48,39855.273,8255.263,66864.92,6042.567,10251.721,3012.439,83.20258,Hammersmith and Fulham
2029,0.30379942,779974.94,702.2692,189413.86,39853.344,8269.654,66940.13,6060.041,10193.475,3008.066,82.456085,Hammersmith and Fulham
2030,0.30022508,781900.9,703.49,189566.62,39852.44,8282.929,67008.15,6076.673,10138.4,3004.2224,81.72835,Hammersmith and Fulham
2021,0.19679368,591693.0,548.7254,292001.56,10196.884,11669.386,35408.26,11244.547,14818.166,4225.8,98.31769,Haringey
2022,0.18133985,606490.56,554.1581,294676.88,10319.859,11842.724,35573.504,11706.697,14856.401,4367.7563,99.50733,Haringey
2023,0.1579364,627986.44,561.5147,298017.6,10489.427,12081.526,35719.105,12246.424,14838.374,4532.0767,99.85926,Haringey
2024,0.12477681,657138.25,570.873,302272.97,10729.381,12428.076,35823.418,12895.92,14749.168,4724.2944,98.4238,Haringey
2025,0.08539039,692899.8,582.38214,307803.28,11003.198,12861.84,35982.707,13723.187,14605.097,4954.6777,96.25385,Haringey
2026,0.03393954,739721.56,597.692,315309.16,11367.737,13432.423,36211.39,14809.848,14416.025,5256.085,93.47393,Haringey
2027,-0.034336776,801610.9,618.42523,325583.75,11869.052,14189.241,36530.156,16248.692,14162.253,5651.3433,89.892456,Haringey
2028,-0.12571007,883291.44,646.88385,339790.9,12577.253,15194.693,36966.207,18163.516,13819.013,6165.383,85.19988,Haringey
2029,-0.2488733,991282.06,686.4612,359820.12,13601.209,16532.822,37583.152,20748.703,13364.295,6833.117,79.05312,Haringey
2030,-0.41395414,1132902.9,741.0868,388005.16,15080.369,18293.701,38442.773,24230.748,12765.211,7689.8706,70.623604,Haringey
2021,0.16555005,428147.34,545.789,261840.02,15693.451,9637.738,36814.207,5447.8257,7511.458,2283.413,62.403713,Harrow
2022,0.1743868,423276.16,543.4427,261002.98,15686.381,9535.643,36761.016,5384.535,7558.2515,2221.4067,62.10527,Harrow
2023,0.21153343,413572.97,536.4961,257040.62,15631.5,9169.529,36732.47,5046.8213,7696.2207,2061.7026,65.86044,Harrow
2024,0.22259025,410795.1,534.76794,256079.92,15648.54,9109.382,36739.594,4953.611,7740.354,2029.5625,66.32279,Harrow
2025,0.23354384,407888.66,532.4261,254944.33,15656.803,9059.831,36736.15,4855.54,7786.306,1996.5155,66.964745,Harrow
2026,0.24392834,405364.6,530.1738,253868.48,15656.619,9008.384,36731.016,4763.982,7829.557,1964.457,67.618385,Harrow
2027,0.24894118,404179.03,529.05707,253343.0,15664.949,8986.237,36731.19,4718.44,7850.9746,1949.2253,67.94661,Harrow
2028,0.25334397,403171.84,528.08466,252879.3,15670.272,8965.905,36729.98,4678.775,7869.346,1935.731,68.2377,Harrow
2029,0.2565884,402460.6,527.3856,252539.75,15673.864,8950.666,36728.125,4649.947,7882.2817,1925.8932,68.453224,Harrow
2030,0.25859126,402021.47,526.9503,252329.28,15677.165,8941.676,36727.375,4631.8706,7890.3247,1919.9282,68.58874,Harrow
2021,0.11261938,341011.62,567.93134,266298.3,8937.808,17785.156,47780.2,5699.369,8394.273,2511.0396,73.06162,Havering
2022,0.11478879,336622.0,567.013,265600.4,8895.497,17680.95,47615.348,5698.1367,8513.255,2487.3303,74.39755,Havering
2023,0.11923628,335680.75,565.34326,264969.34,8862.384,17617.635,47512.273,5691.9355,8613.267,2461.1877,74.76751,Havering
2024,0.11509525,338124.38,567.5267,265498.97,8877.083,17766.416,47630.137,5682.3804,8553.552,2476.5845,74.77131,Havering
2025,0.116543435,337667.28,567.04974,265334.84,8871.823,17741.793,47603.945,5674.9023,8573.84,2472.6692,74.79295,Havering
2026,0.11629733,337770.7,567.1376,265358.94,8873.493,17747.164,47606.297,5673.7856,8570.612,2473.6335,74.78314,Havering
2027,0.11483372,338139.88,567.5979,265512.94,8878.472,17774.725,47626.816,5679.3975,8552.852,2477.6963,74.75494,Havering
2028,0.1147768,338133.7,567.57263,265511.9,8878.492,17775.72,47624.95,5679.9683,8554.022,2477.4712,74.76765,Havering
2029,0.114121564,338300.7,567.7659,265579.56,8880.691,17789.055,47633.617,5682.4575,8546.756,2479.1191,74.7622,Havering
2030,0.113395624,338472.8,567.9815,265654.16,8882.992,17803.736,47643.812,5685.203,8538.664,2480.9841,74.75615,Havering
2021,0.24087188,442689.03,553.8898,322239.78,26101.555,44701.13,101095.39,8250.073,12243.931,4260.1777,88.203,Hillingdon
2022,0.23222147,455095.9,561.3993,325956.6,25981.287,43312.664,103976.945,8352.229,12071.605,4472.023,88.87925,Hillingdon
2023,0.22413611,468617.34,567.5081,329037.97,25944.25,41828.07,106060.03,8474.135,11940.959,4644.072,89.566086,Hillingdon
2024,0.21600819,483094.66,572.58844,331888.25,25881.729,40505.23,108552.33,8633.608,11810.701,4823.6284,90.786644,Hillingdon
2025,0.20605814,501503.22,580.5807,336808.88,25743.951,38707.39,112315.88,8837.477,11608.115,5072.801,92.2612,Hillingdon
2026,0.19527373,523573.25,589.76886,342332.56,25603.098,36778.414,116785.336,9079.134,11369.812,5357.961,94.11124,Hillingdon
2027,0.18174942,550772.06,601.2803,349341.25,25416.555,34454.66,122501.6,9375.223,11073.102,5713.9575,96.39874,Hillingdon
2028,0.1643101,585254.06,616.06006,358577.44,25161.938,31570.99,130000.43,9750.216,10701.758,6170.2725,99.32466,Hillingdon
2029,0.14323002,628857.06,634.66785,370370.75,24837.219,28198.5,139753.66,10222.84,10241.81,6742.0195,103.09561,Hillingdon
2030,0.11776297,684150.7,658.37103,385753.62,24405.375,24278.121,152637.86,10831.913,9669.293,7468.0796,107.89992,Hillingdon
2021,0.13268688,421106.53,524.3797,286414.28,32585.355,47124.418,54282.055,9103.756,11455.726,3960.3628,42.806465,Hounslow
2022,0.09687502,433885.34,527.355,290135.25,32198.05,49202.793,54012.23,9402.534,11168.819,3961.0803,40.575603,Hounslow
2023,0.08894432,439699.56,529.71014,290458.5,32002.596,49653.336,53886.02,9591.856,11154.698,3986.0762,39.975258,Hounslow
2024,0.053452067,454374.56,533.9873,294000.47,31408.404,52258.168,53506.914,9973.389,10824.171,4101.1426,36.56204,Hounslow
2025,0.014294139,470333.66,538.6157,297653.38,30695.787,54611.453,53007.62,10393.823,10486.842,4218.287,33.28205,Hounslow
2026,-0.032608368,489538.66,544.20776,301947.88,29836.072,57245.24,52349.477,10898.239,10091.001,4356.3887,29.57092,Hounslow
2027,-0.10161895,516593.88,551.8354,308563.56,28682.006,61425.28,51476.02,11587.04,9491.745,4534.578,23.905,Hounslow
2028,-0.19059347,551909.56,561.7248,316892.1,27198.488,66744.16,50359.094,12491.791,8738.588,4772.214,16.383635,Hounslow
2029,-0.31291804,600093.4,574.9555,328369.7,25230.617,74152.32,48890.45,13722.658,7707.0854,5095.9766,5.666505,Hounslow
2030,-0.48475358,667027.56,592.68164,344537.53,22558.076,84607.34,46946.01,15428.798,6268.3525,5541.649,-9.918681,Hounslow
2021,0.22728911,733107.25,688.50903,242099.3,106047.02,14904.452,92352.2,8260.309,15226.013,3929.7483,40.901375,Islington
2022,0.21275976,739091.3,694.02985,242198.02,106455.31,14857.518,93126.19,8504.183,15342.762,3959.6545,36.976913,Islington
2023,0.19660841,751848.5,703.8508,243280.88,107534.97,14867.01,94613.1,8672.863,15197.176,4002.9346,30.852127,Islington
2024,0.17860924,775660.9,714.7588,245810.6,109358.58,15000.641,95916.305,8841.511,14881.541,4041.5518,23.467567,Islington
2025,0.15499504,803089.4,726.1629,248749.86,111442.734,15131.834,97380.63,9050.53,14568.503,4088.837,15.252799,Islington
2026,0.122162774,837471.2,740.8132,252616.9,113906.41,15259.387,99379.89,9335.232,14212.005,4148.34,4.341247,Islington
2027,0.08020523,880522.56,759.1499,257464.66,116932.63,15410.332,101929.15,9703.102,13777.715,4221.606,-9.379235,Islington
2028,0.025456935,936005.0,782.79785,263731.44,120757.27,15595.998,105253.53,10179.343,13217.116,4314.165,-26.99569,Islington
2029,-0.048377424,1008937.0,813.9099,272029.2,125669.234,15816.564,109698.32,10812.301,12482.001,4433.9165,-50.241905,Islington
2030,-0.14786434,1105105.8,854.6856,282948.1,132029.94,16079.154,115621.516,11666.392,11514.175,4591.1743,-80.79865,Islington
2021,0.2694399,1352394.4,810.4069,160500.05,35166.92,5630.4165,76777.836,4712.412,11780.408,2790.9316,91.169266,Kensington and Chelsea
2022,0.27979103,1337642.6,801.5781,160268.61,34695.89,5680.8193,76767.625,4617.487,11947.643,2778.9294,89.45451,Kensington and Chelsea
2023,0.29618672,1307740.5,787.6848,159926.61,34207.254,5771.4663,76730.89,4504.7334,12239.259,2775.84,86.32076,Kensington and Chelsea
2024,0.2981828,1303560.2,784.74945,159798.92,34082.57,5774.493,76699.14,4506.2324,12263.506,2770.0947,85.54994,Kensington and Chelsea
2025,0.30310404,1291564.8,778.10876,159645.6,33912.41,5807.0913,76696.39,4479.0376,12410.72,2769.8638,84.64011,Kensington and Chelsea
2026,0.30718717,1281907.1,772.8231,159522.33,33786.047,5832.9004,76689.53,4458.9204,12529.301,2770.273,83.937096,Kensington and Chelsea
2027,0.30892327,1277831.8,770.40436,159461.56,33741.41,5844.756,76680.94,4452.7876,12594.421,2771.5588,83.6402,Kensington and Chelsea
2028,0.31064013,1274070.0,768.04584,159406.62,33698.043,5854.8257,76670.22,4445.612,12649.608,2773.1675,83.36135,Kensington and Chelsea
2029,0.31175023,1271685.9,766.53253,159371.17,33672.586,5861.0967,76661.875,4441.18,12684.848,2774.3333,83.193634,Kensington and Chelsea
2030,0.3123635,1270378.8,765.688,159350.61,33660.85,5864.5776,76655.445,4439.3755,12705.842,2775.1074,83.10323,Kensington and Chelsea
2021,0.32691744,486351.28,608.2849,182891.73,10863.6045,6253.518,48194.973,3879.4675,5236.402,1973.2465,39.636166,Kingston upon Thames
2022,0.34159538,486800.53,596.36,181764.56,11390.788,6181.8735,50241.12,3857.6465,5548.489,1869.5562,44.68788,Kingston upon Thames
2023,0.34431258,507506.72,587.2084,181194.98,11859.768,6179.8154,52031.535,3844.9807,5805.4414,1780.5149,49.822773,Kingston upon Thames
2024,0.33321488,519425.88,587.5908,180825.44,11800.758,6220.058,52032.152,3913.7026,5781.1255,1786.7019,50.21943,Kingston upon Thames
2025,0.32288545,528606.7,588.9237,181036.17,11702.267,6263.386,51986.418,3987.1665,5714.7876,1806.4615,49.979553,Kingston upon Thames
2026,0.3138806,535986.94,589.9284,181679.12,11616.849,6300.821,52084.61,4060.0103,5641.643,1831.7742,49.44262,Kingston upon Thames
2027,0.30803648,541867.56,590.3819,182348.5,11582.271,6323.5933,52281.42,4121.096,5597.9517,1851.0598,49.265575,Kingston upon Thames
2028,0.30170226,548478.3,590.7597,183012.55,11556.538,6349.208,52512.43,4188.568,5556.7617,1870.428,49.127213,Kingston upon Thames
2029,0.29485795,555656.6,591.1811,183672.8,11530.411,6376.609,52749.77,4260.759,5514.317,1890.8652,48.96876,Kingston upon Thames
2030,0.2877582,562955.06,591.7103,184326.86,11499.074,6404.0503,52971.344,4335.339,5469.543,1912.6265,48.759045,Kingston upon Thames
2021,0.33648738,610722.9,640.18665,339170.72,30353.334,10909.872,91213.91,10256.463,12253.978,5494.862,28.19813,Lambeth
2022,0.27975324,675599.4,649.3296,342900.25,31562.756,11235.307,93721.12,10384.139,10252.741,5508.0073,8.52788,Lambeth
2023,0.203072,770265.75,668.08295,348462.88,33495.832,11725.98,97558.29,10559.891,7323.3164,5566.164,-20.761724,Lambeth
2024,0.09131481,912591.94,704.9411,356863.44,36522.176,12418.64,103267.24,10743.97,2441.957,5622.12,-72.12823,Lambeth
2025,-0.091030166,1149469.9,768.91974,370056.22,41492.258,13558.677,112075.695,11053.12,-5989.0195,5669.247,-162.9018,Lambeth
2026,-0.3914269,1519720.8,868.26807,389949.53,49478.1,15335.353,125917.016,11676.304,-19753.133,5667.771,-312.24878,Lambeth
2027,-0.8845736,2089596.9,1022.38495,420492.56,62458.28,18049.123,148576.97,12793.394,-41745.234,5472.8765,-552.7431,Lambeth
2028,-1.6835971,2956190.0,1253.8315,465745.6,83138.49,22010.363,185336.42,14559.78,-75862.9,4845.4346,-927.30035,Lambeth
2029,-2.9619472,4249369.0,1579.6958,532533.9,114528.99,27413.723,241405.69,17038.547,-127054.75,3543.0232,-1490.0933,Lambeth
2030,-4.919933,6175960.5,2048.6714,634924.2,160946.4,35285.76,323877.16,20620.85,-204358.81,1593.9155,-2337.428,Lambeth
2021,0.21872462,426433.84,561.1138,313283.47,8274.529,7379.3315,43633.22,9692.767,13015.909,4190.364,54.073437,Lewisham
2022,0.21413437,428025.44,562.80695,313644.06,8283.156,7390.6724,43688.074,9727.324,12948.434,4193.893,52.900063,Lewisham
2023,0.21841793,429100.8,560.9529,313477.03,8302.451,7413.327,43728.684,9752.068,12844.249,4180.3413,51.944344,Lewisham
2024,0.22141339,427788.7,559.86316,313296.78,8297.47,7413.4287,43745.082,9756.121,12846.981,4173.364,52.29365,Lewisham
2025,0.2206321,428361.4,559.9676,313498.4,8300.15,7413.9136,43777.426,9777.337,12833.228,4174.197,52.004436,Lewisham
2026,0.22105649,428631.94,559.86957,313546.72,8301.54,7417.1284,43788.098,9782.107,12828.848,4172.558,52.01023,Lewisham
2027,0.22128962,428841.4,559.83954,313566.03,8302.491,7418.979,43790.96,9782.737,12827.717,4172.1733,52.026318,Lewisham
2028,0.22083095,429174.03,559.9641,313641.97,8304.151,7419.129,43800.637,9789.49,12824.734,4173.407,51.928814,Lewisham
2029,0.22058551,429389.16,560.03705,313682.34,8305.219,7419.258,43805.848,9792.961,12823.857,4174.261,51.88047,Lewisham
2030,0.22028548,429624.22,560.1243,313723.8,8306.394,7419.2676,43811.17,9796.571,12822.864,4175.278,51.819653,Lewisham
2021,0.23545769,546605.1,580.1734,212843.08,15263.313,12539.125,45817.6,4683.1357,6744.5684,2323.5334,59.839153,Merton
2022,0.21416466,561404.75,582.96796,213760.83,15257.429,12782.661,46262.395,4841.471,6571.583,2406.1401,56.791496,Merton
2023,0.19346753,581599.7,588.1115,214771.05,15430.778,13122.787,46795.62,5013.2173,6376.4575,2517.181,54.28309,Merton
2024,0.16691028,603139.6,593.2008,216336.72,15560.135,13533.064,47421.375,5205.497,6125.9634,2657.445,50.978382,Merton
2025,0.13079642,631935.56,599.6547,218477.11,15693.581,14076.322,48247.562,5449.1465,5790.205,2843.49,46.180115,Merton
2026,0.08317333,669252.0,608.11176,221345.0,15860.182,14796.935,49334.055,5762.907,5341.5845,3088.522,39.79598,Merton
2027,0.0218417,717093.0,618.88513,225105.39,16052.625,15730.62,50699.594,6158.464,4754.365,3404.8474,31.489664,Merton
2028,-0.059548028,779445.9,633.1041,230149.14,16274.053,16964.928,52466.387,6664.4883,3978.303,3823.9485,20.53192,Merton
2029,-0.1666359,859422.1,651.5715,236824.27,16515.28,18574.938,54729.48,7307.191,2958.4246,4374.574,6.157324,Merton
2030,-0.306084,958412.6,674.4843,245536.1,16761.652,20629.055,57632.934,8108.3853,1621.1632,5083.242,-12.29159,Merton
2021,0.2485305,402141.47,518.4612,371648.88,12981.394,16264.781,58988.52,13351.063,15093.145,5093.7793,64.15069,Newham
2022,0.24674997,415433.78,525.02673,373879.97,13247.048,16672.062,59055.06,13578.374,15079.694,5048.506,65.55531,Newham
2023,0.24184725,428558.2,530.8022,375512.94,13393.993,16853.959,59905.52,13789.663,15135.13,5066.2676,67.45597,Newham
2024,0.2374957,433569.44,533.625,376297.75,13499.3545,16862.027,60415.2,13879.505,15219.269,5082.832,68.473015,Newham
2025,0.22987412,442864.16,541.52106,379532.1,13719.681,16979.377,60548.59,14136.315,15060.212,5131.4424,66.995476,Newham
2026,0.22354977,451332.62,548.4936,382524.56,13949.088,17088.01,60613.0,14385.387,14888.95,5175.222,65.351425,Newham
2027,0.21764429,460051.22,555.5941,385666.0,14202.403,17204.299,60632.473,14656.844,14693.448,5221.0977,63.466415,Newham
2028,0.21053328,471301.44,564.6501,389569.72,14518.29,17367.012,60669.402,14997.34,14449.3,5278.2197,61.26033,Newham
2029,0.2028739,483469.5,574.4897,393865.06,14869.132,17543.87,60689.21,15371.467,14181.306,5339.378,58.78792,Newham
2030,0.19421725,497436.62,585.9115,398844.25,15279.136,17752.184,60690.34,15806.189,13869.732,5409.497,55.88002,Newham
2021,0.2250932,417990.3,575.00714,312455.34,13344.093,10096.786,44629.477,7306.624,12523.682,3323.884,55.15956,Redbridge
2022,0.22704808,415628.28,573.6305,311460.56,13360.317,10057.965,44639.336,7308.15,12561.115,3270.2683,54.841396,Redbridge
2023,0.22762944,416360.84,572.6414,311067.22,13390.696,10068.653,44679.277,7357.2856,12562.011,3243.071,54.868347,Redbridge
2024,0.23181343,412140.28,570.78485,310386.53,13282.212,9998.398,44536.703,7303.897,12586.482,3226.869,55.173008,Redbridge
2025,0.23233964,410956.03,569.98285,310136.97,13257.693,9986.515,44516.145,7288.5786,12596.384,3219.689,55.30493,Redbridge
2026,0.23309015,409587.12,569.1688,309857.94,13226.519,9969.318,44490.035,7268.174,12605.655,3212.7297,55.422207,Redbridge
2027,0.23436858,407691.3,568.11646,309456.97,13184.191,9943.514,44449.055,7240.824,12615.965,3204.3792,55.58976,Redbridge
2028,0.2350694,406469.53,567.4025,309208.88,13157.115,9927.652,44425.953,7223.1,12623.308,3197.6633,55.699192,Redbridge
2029,0.2358261,405209.47,566.6793,308948.47,13128.832,9911.003,44400.938,7204.7637,12630.697,3191.1465,55.810047,Redbridge
2030,0.2365696,404012.25,565.99084,308697.34,13102.045,9895.186,44376.81,7187.4365,12637.624,3185.07,55.91827,Redbridge
2021,0.2539724,713240.06,693.4588,202215.77,21175.336,5843.1924,40401.906,3479.2314,7556.799,1620.3553,27.291645,Richmond upon Thames
2022,0.25796703,706002.7,693.6273,201873.39,21220.367,5862.0874,40361.76,3440.471,7551.5454,1615.6626,28.933636,Richmond upon Thames
2023,0.27242914,685699.3,692.1269,200877.08,21335.646,5905.6157,40066.184,3339.96,7566.5166,1576.6691,33.36074,Richmond upon Thames
2024,0.2738902,686249.56,691.31836,200796.8,21326.361,5914.283,40046.26,3342.8213,7569.5664,1575.4128,33.54312,Richmond upon Thames
2025,0.2817544,678876.94,690.3025,200394.36,21363.416,5933.4263,39940.266,3305.0654,7577.9106,1560.1624,35.4751,Richmond upon Thames
2026,0.28938073,671587.5,689.27997,200002.64,21400.61,5951.5537,39836.652,3268.1882,7586.334,1544.877,37.332172,Richmond upon Thames
2027,0.29372716,667457.0,688.56537,199775.12,21418.977,5963.614,39775.453,3246.3452,7591.177,1536.1522,38.42289,Richmond upon Thames
2028,0.29920292,662245.6,687.79114,199491.69,21444.535,5977.3525,39700.918,3219.7344,7597.314,1525.2468,39.764698,Richmond upon Thames
2029,0.3038531,657851.94,687.11664,199251.28,21466.217,5989.098,39637.2,3197.1138,7602.608,1515.9546,40.899323,Richmond upon Thames
2030,0.30764738,654294.7,686.5484,199054.9,21483.592,5998.963,39584.836,3178.6167,7606.975,1508.38,41.8284,Richmond upon Thames
2021,0.26455662,546780.6,621.90375,334985.0,89583.414,18743.127,104750.805,10620.871,16427.553,5023.0854,74.14385,Southwark
2022,0.26807016,569310.44,624.93774,336697.25,90616.96,18775.008,105273.96,10676.905,16454.338,4989.305,73.93802,Southwark
2023,0.27396107,596044.4,628.23517,338267.4,91946.62,18926.447,105951.71,10761.024,16469.979,4973.4673,74.186584,Southwark
2024,0.26678762,606404.3,632.9242,339509.38,92344.09,19011.945,106468.805,10842.496,16388.025,5003.0166,73.74902,Southwark
2025,0.25527623,619293.5,638.5813,341726.56,93107.97,19075.129,107290.01,10925.57,16209.885,5011.038,72.88273,Southwark
2026,0.24346977,631167.44,643.89734,343852.88,93819.66,19116.21,108073.81,11006.6875,16032.924,5017.0386,71.80734,Southwark
2027,0.23169973,642473.25,649.042,345929.2,94559.57,19141.65,108836.695,11084.864,15856.761,5020.0874,70.62648,Southwark
2028,0.21850662,655292.8,654.8911,348311.03,95434.42,19174.832,109721.56,11173.569,15657.128,5020.2236,69.33984,Southwark
2029,0.20491993,668459.06,660.9334,350758.38,96329.336,19209.705,110633.41,11265.675,15454.009,5020.669,67.98789,Southwark
2030,0.1903822,682407.7,667.3909,353358.78,97277.766,19246.195,111608.98,11363.616,15237.687,5021.374,66.53738,Southwark
2021,0.24819905,385776.22,539.9408,210203.2,10494.191,11428.636,42262.41,4667.3965,6190.2153,1902.0419,35.284992,Sutton
2022,0.26420704,379836.34,537.5054,208385.45,10546.669,11318.732,42126.723,4451.654,6275.2217,1840.0864,40.14819,Sutton
2023,0.28935078,367466.16,533.8233,206068.81,10619.205,11219.521,41845.098,4236.494,6419.476,1756.1445,49.32411,Sutton
2024,0.30167818,362501.2,532.1252,205726.62,10617.675,11169.0,41729.824,4178.657,6458.978,1715.3779,52.095753,Sutton
2025,0.31570905,356238.56,530.18445,205099.61,10623.117,11107.227,41582.05,4095.3547,6504.6753,1668.8966,55.78711,Sutton
2026,0.3269904,350881.6,528.60596,204558.0,10628.117,11055.977,41462.9,4030.6167,6541.3613,1631.74,58.77441,Sutton
2027,0.33491018,347240.53,527.5209,204211.17,10629.123,11019.401,41382.77,3988.3247,6563.429,1606.3065,60.74265,Sutton
2028,0.341773,344035.72,526.56793,203896.44,10630.578,10987.918,41311.66,3949.4456,6583.712,1584.0151,62.491325,Sutton
2029,0.34694654,341562.3,525.8427,203658.92,10631.768,10964.295,41257.324,3919.5806,6598.498,1567.3448,63.806976,Sutton
2030,0.35079587,339708.16,525.29254,203485.97,10632.436,10946.646,41216.45,3897.294,6609.359,1554.9338,64.779335,Sutton
2021,0.40113246,461591.8,631.05597,330233.84,146322.6,14613.005,109300.91,10068.165,14229.668,5340.3174,35.286453,Tower Hamlets
2022,0.42667288,462103.28,623.5258,326404.62,144941.53,14716.707,108612.58,9914.646,14557.22,5252.8057,38.438698,Tower Hamlets
2023,0.4742293,450375.75,613.2693,318074.16,142454.45,14630.398,105945.336,9743.578,15167.869,5153.751,44.94378,Tower Hamlets
2024,0.49508205,449646.75,610.89136,315420.66,141640.88,14660.191,104958.62,9735.08,15443.48,5093.8003,46.95359,Tower Hamlets
2025,0.50539875,444946.22,609.73004,313826.72,141249.77,14627.549,104070.17,9709.172,15540.244,5088.8594,48.125553,Tower Hamlets
2026,0.5143968,440389.22,608.32886,312130.1,140880.84,14598.128,103328.49,9674.68,15615.008,5087.566,49.202805,Tower Hamlets
2027,0.5189807,438090.25,607.5105,311203.3,140675.83,14590.596,102963.68,9652.853,15651.683,5085.3184,49.745235,Tower Hamlets
2028,0.5229704,435866.06,606.70374,310243.38,140453.45,14580.577,102664.42,9626.076,15687.313,5081.267,50.292377,Tower Hamlets
2029,0.5260208,434181.4,606.09845,309513.72,140280.47,14573.092,102433.836,9605.89,15715.107,5077.9746,50.707,Tower Hamlets
2030,0.528133,433040.6,605.6973,309019.1,140160.19,14568.66,102270.53,9592.085,15734.341,5075.444,50.983253,Tower Hamlets
2021,0.22124347,468723.72,567.7283,289309.06,7211.276,12016.757,42301.617,7701.235,12050.434,3331.0178,28.584877,Waltham Forest
2022,0.22074565,464098.75,565.50433,288975.56,7166.7617,11871.258,42139.51,7625.1523,12084.005,3328.033,30.683064,Waltham Forest
2023,0.22203507,465675.9,566.2611,289122.75,7204.3613,11869.935,42093.97,7645.656,12038.894,3337.0803,30.543358,Waltham Forest
2024,0.22449169,468250.88,567.2301,289118.88,7243.5474,11931.39,42129.54,7691.346,12032.617,3342.5825,30.143883,Waltham Forest
2025,0.22544524,467838.97,566.73444,289002.84,7240.102,11921.96,42139.9,7682.611,12052.414,3340.283,30.497768,Waltham Forest
2026,0.22476807,469341.4,567.3504,289163.1,7242.015,11940.271,42154.383,7692.5806,12041.431,3343.065,30.108624,Waltham Forest
2027,0.22410421,470585.47,567.95337,289305.34,7244.508,11957.918,42166.418,7700.713,12032.076,3345.2517,29.725197,Waltham Forest
2028,0.22372605,471216.1,568.3003,289380.3,7247.526,11967.405,42176.34,7703.774,12028.868,3345.933,29.505093,Waltham Forest
2029,0.22294518,472226.72,568.88696,289515.8,7251.4727,11981.662,42186.395,7709.928,12018.978,3347.5432,29.134876,Waltham Forest
2030,0.22223918,473139.8,569.42145,289637.8,7255.1484,11994.728,42196.387,7715.1206,12010.5625,3348.886,28.796986,Waltham Forest
2021,0.2612716,643657.75,768.94147,335512.25,20551.238,10512.672,75012.34,8204.587,12491.268,3760.1824,100.6054,Wandsworth
2022,0.21331523,668783.9,788.7197,339503.03,20261.271,10659.1,77217.55,8434.1875,11985.269,3936.4084,89.924446,Wandsworth
2023,0.16062304,699443.06,810.5941,343974.97,19990.61,10824.25,79586.87,8729.235,11402.793,4139.1226,79.98068,Wandsworth
2024,0.085741244,744086.06,844.04663,350440.56,19555.758,11060.173,82747.914,9222.352,10488.055,4500.7007,64.265755,Wandsworth
2025,-0.016546017,802685.1,887.46075,359168.53,18999.697,11395.7705,87016.79,9880.616,9323.281,4958.718,43.771366,Wandsworth
2026,-0.15874293,883953.94,946.6144,371324.53,18276.914,11886.263,92863.21,10808.067,7738.0396,5593.647,16.201715,Wandsworth
2027,-0.36029282,997703.1,1029.0873,388395.38,17306.984,12604.988,100997.88,12128.389,5544.6577,6488.006,-21.3049,Wandsworth
2028,-0.6407056,1153329.2,1143.135,412023.94,15956.971,13613.677,112147.01,13986.579,2523.2854,7746.248,-72.19539,Wandsworth
2029,-1.0300162,1367498.0,1302.745,444495.53,14010.897,15014.595,127472.38,16577.32,-1646.3395,9530.567,-142.21246,Wandsworth
2030,-1.5626178,1661967.1,1525.5055,488904.28,11257.169,16951.06,148326.36,20161.393,-7408.021,12052.639,-240.57062,Wandsworth
2021,0.17534609,1069302.0,704.40845,257059.39,270220.2,32218.557,287898.1,12307.74,28598.059,6157.7637,49.229763,Westminster
2022,0.18959484,1067634.4,707.34094,256250.36,271356.3,32568.611,288310.7,12401.727,30111.553,5887.1665,60.02064,Westminster
2023,0.2099448,1046211.8,708.22253,254524.84,269696.12,32853.11,287448.66,12587.897,32038.95,5931.469,71.45607,Westminster
2024,0.20944259,1046587.0,707.6556,255081.28,268953.28,32872.383,287135.78,12666.473,32164.66,5979.673,72.0792,Westminster
2025,0.21643311,1039019.3,706.41583,254484.4,268103.03,32846.508,286642.56,12613.559,32512.65,6105.5,72.959366,Westminster
2026,0.22459987,1029867.3,705.2027,253620.62,267484.3,32827.23,286186.2,12528.179,32877.35,6200.725,74.28447,Westminster
2027,0.22989842,1024668.94,704.42535,253108.39,267251.88,32823.445,285972.38,12468.07,33100.2,6241.749,75.29858,Westminster
2028,0.23583436,1018391.25,703.6975,252524.38,266918.84,32823.664,285750.38,12408.096,33379.0,6278.8496,76.643555,Westminster
2029,0.24079025,1013176.7,703.08466,252060.62,266611.53,32824.867,285568.1,12361.194,33619.727,6310.5264,77.80578,Westminster
2030,0.24465099,1009227.44,702.5868,251715.67,266361.6,32825.957,285426.5,12325.751,33809.473,6337.167,78.7023,Westminster
